"๐ฅะฅะพัะธัะต ะบัะฟะธัั ััะพ ััะฐะฝัะฟะพััะฝะพะต ััะตะดััะฒะพ ัะตะนัะฐั ะทะฐ $9 900,00 USD ะฑะตะท ะฐัะบัะธะพะฝะฐ? https://www.copart.com/lot/37563474/salvage-2021-toyota-prius-special-edition-wi-milwaukee-south

๐ โ 0676335413
      ๐ โ  0951568905"
"๐ฅะฅะพัะธัะต ะบัะฟะธัั ััะพ ััะฐะฝัะฟะพััะฝะพะต ััะตะดััะฒะพ ัะตะนัะฐั ะทะฐ $10 500,00 USD ะฑะตะท ะฐัะบัะธะพะฝะฐ? https://www.copart.com/lot/37044274/salvage-2020-toyota-rav4-xle-premium-wi-milwaukee-south

๐ โ 0676335413
      ๐ โ  0951568905"
"๐ฅะฅะพัะธัะต ะบัะฟะธัั ััะพ ััะฐะฝัะฟะพััะฝะพะต ััะตะดััะฒะพ ัะตะนัะฐั ะทะฐ $4 600,00 USD ะฑะตะท ะฐัะบัะธะพะฝะฐ? https://www.copart.com/lot/53616163/salvage-2018-jeep-cherokee-latitude-plus-wi-milwaukee-south

๐ โ 0676335413
      ๐ โ  0951568905"
"๐ฅะฅะพัะธัะต ะบัะฟะธัั ััะพ ััะฐะฝัะฟะพััะฝะพะต ััะตะดััะฒะพ ัะตะนัะฐั ะทะฐ $2 300,00 USD ะฑะตะท ะฐัะบัะธะพะฝะฐ? https://www.copart.com/lot/72821923/salvage-2018-kia-soul-+-wi-milwaukee-south

๐ โ 0676335413
      ๐ โ  0951568905"
"๐ฅะฅะพัะธัะต ะบัะฟะธัั ััะพ ััะฐะฝัะฟะพััะฝะพะต ััะตะดััะฒะพ ัะตะนัะฐั ะทะฐ $3 300,00 USD ะฑะตะท ะฐัะบัะธะพะฝะฐ? https://www.copart.com/lot/37318974/2017-hyundai-santa-fe-se-wi-milwaukee-south

๐ โ 0676335413
      ๐ โ  0951568905"
"๐ฅะฅะพัะธัะต ะบัะฟะธัั ััะพ ััะฐะฝัะฟะพััะฝะพะต ััะตะดััะฒะพ ัะตะนัะฐั ะทะฐ $1 850,00 USD ะฑะตะท ะฐัะบัะธะพะฝะฐ? https://www.copart.com/lot/81128373/2018-chevrolet-equinox-lt-wi-milwaukee-south

๐ โ 0676335413
      ๐ โ  0951568905"
"๐ฅะฅะพัะธัะต ะบัะฟะธัั ััะพ ััะฐะฝัะฟะพััะฝะพะต ััะตะดััะฒะพ ัะตะนัะฐั ะทะฐ $4 950,00 USD ะฑะตะท ะฐัะบัะธะพะฝะฐ? https://www.copart.com/lot/75466693/salvage-2017-ford-escape-se-wi-milwaukee-south

๐ โ 0676335413
      ๐ โ  0951568905"
"๐ฅะฅะพัะธัะต ะบัะฟะธัั ััะพ ััะฐะฝัะฟะพััะฝะพะต ััะตะดััะฒะพ ัะตะนัะฐั ะทะฐ $2 750,00 USD ะฑะตะท ะฐัะบัะธะพะฝะฐ? https://www.copart.com/lot/82730663/salvage-2017-chevrolet-trax-ls-wi-milwaukee-south

๐ โ 0676335413
      ๐ โ  0951568905"
"๐ฅะฅะพัะธัะต ะบัะฟะธัั ััะพ ััะฐะฝัะฟะพััะฝะพะต ััะตะดััะฒะพ ัะตะนัะฐั ะทะฐ $8 500,00 USD ะฑะตะท ะฐัะบัะธะพะฝะฐ? https://www.copart.com/lot/67630513/salvage-2020-dodge-challenger-sxt-az-phoenix

๐ โ 0676335413
      ๐ โ  0951568905"
"๐ฅะฅะพัะธัะต ะบัะฟะธัั ััะพ ััะฐะฝัะฟะพััะฝะพะต ััะตะดััะฒะพ ัะตะนัะฐั ะทะฐ $33 900,00 USD ะฑะตะท ะฐัะบัะธะพะฝะฐ? https://www.copart.com/lot/78679643/2023-chevrolet-tahoe-k1500-z71-co-denver-south

๐ โ 0676335413
      ๐ โ  0951568905"
"๐ฅะฅะพัะธัะต ะบัะฟะธัั ััะพ ััะฐะฝัะฟะพััะฝะพะต ััะตะดััะฒะพ ัะตะนัะฐั ะทะฐ $1 975,00 USD ะฑะตะท ะฐัะบัะธะพะฝะฐ? https://www.copart.com/lot/75191123/salvage-2018-hyundai-elantra-sel-nm-albuquerque

๐ โ 0676335413
      ๐ โ  0951568905"
"๐ฅะฅะพัะธัะต ะบัะฟะธัั ััะพ ััะฐะฝัะฟะพััะฝะพะต ััะตะดััะฒะพ ัะตะนัะฐั ะทะฐ $19 900,00 USD ะฑะตะท ะฐัะบัะธะพะฝะฐ? https://www.copart.com/lot/76789443/salvage-2023-audi-q5-premium-plus-45-co-denver-south

๐ โ 0676335413
      ๐ โ  0951568905"
"๐ฅะฅะพัะธัะต ะบัะฟะธัั ััะพ ััะฐะฝัะฟะพััะฝะพะต ััะตะดััะฒะพ ัะตะนัะฐั ะทะฐ $4 800,00 USD ะฑะตะท ะฐัะบัะธะพะฝะฐ? https://www.copart.com/lot/81104723/salvage-2020-nissan-versa-s-nm-albuquerque

๐ โ 0676335413
      ๐ โ  0951568905"
"๐ฅะฅะพัะธัะต ะบัะฟะธัั ััะพ ััะฐะฝัะฟะพััะฝะพะต ััะตะดััะฒะพ ัะตะนัะฐั ะทะฐ $46 500,00 USD ะฑะตะท ะฐัะบัะธะพะฝะฐ? https://www.copart.com/lot/65207083/salvage-2021-cadillac-escalade-esv-premium-luxury-platinum-fl-tampa-south

๐ โ 0676335413
      ๐ โ  0951568905"
"๐ฅะฅะพัะธัะต ะบัะฟะธัั ััะพ ััะฐะฝัะฟะพััะฝะพะต ััะตะดััะฒะพ ัะตะนัะฐั ะทะฐ $1 900,00 USD ะฑะตะท ะฐัะบัะธะพะฝะฐ? https://www.copart.com/lot/74824693/salvage-2017-subaru-impreza-premium-plus-co-colorado-springs

๐ โ 0676335413
      ๐ โ  0951568905"
"๐ฅะฅะพัะธัะต ะบัะฟะธัั ััะพ ััะฐะฝัะฟะพััะฝะพะต ััะตะดััะฒะพ ัะตะนัะฐั ะทะฐ $5 867,00 USD ะฑะตะท ะฐัะบัะธะพะฝะฐ? https://www.copart.com/lot/72481733/clean-title-2021-kia-forte-fe-ar-little-rock

๐ โ 0676335413
      ๐ โ  0951568905"
"๐ฅะฅะพัะธัะต ะบัะฟะธัั ััะพ ััะฐะฝัะฟะพััะฝะพะต ััะตะดััะฒะพ ัะตะนัะฐั ะทะฐ $2 100,00 USD ะฑะตะท ะฐัะบัะธะพะฝะฐ? https://www.copart.com/lot/80619053/salvage-2016-ford-fusion-se-az-phoenix

๐ โ 0676335413
      ๐ โ  0951568905"
"๐ฅะฅะพัะธัะต ะบัะฟะธัั ััะพ ััะฐะฝัะฟะพััะฝะพะต ััะตะดััะฒะพ ัะตะนัะฐั ะทะฐ $8 340,00 USD ะฑะตะท ะฐัะบัะธะพะฝะฐ? https://www.copart.com/lot/75236683/salvage-2021-volkswagen-atlas-se-tx-houston-east

๐ โ 0676335413
      ๐ โ  0951568905"
"๐ฅะฅะพัะธัะต ะบัะฟะธัั ััะพ ััะฐะฝัะฟะพััะฝะพะต ััะตะดััะฒะพ ัะตะนัะฐั ะทะฐ $1 900,00 USD ะฑะตะท ะฐัะบัะธะพะฝะฐ? https://www.copart.com/lot/77277833/salvage-2016-ford-c-max-se-nm-albuquerque

๐ โ 0676335413
      ๐ โ  0951568905"
"๐ฅะฅะพัะธัะต ะบัะฟะธัั ััะพ ััะฐะฝัะฟะพััะฝะพะต ััะตะดััะฒะพ ัะตะนัะฐั ะทะฐ $7 200,00 USD ะฑะตะท ะฐัะบัะธะพะฝะฐ? https://www.copart.com/lot/81398773/salvage-2021-nissan-kicks-sr-tn-nashville

๐ โ 0676335413
      ๐ โ  0951568905"
""
"๐ฅะฅะพัะธัะต ะบัะฟะธัั ััะพ ััะฐะฝัะฟะพััะฝะพะต ััะตะดััะฒะพ ัะตะนัะฐั ะทะฐ $6 875,00 USD ะฑะตะท ะฐัะบัะธะพะฝะฐ? https://www.copart.com/lot/76602563/salvage-2019-mercedes-benz-gla-250-al-mobile

๐ โ 0676335413
      ๐ โ  0951568905"
"๐ฅะฅะพัะธัะต ะบัะฟะธัั ััะพ ััะฐะฝัะฟะพััะฝะพะต ััะตะดััะฒะพ ัะตะนัะฐั ะทะฐ $3 300,00 USD ะฑะตะท ะฐัะบัะธะพะฝะฐ? https://www.copart.com/lot/80539623/salvage-2019-nissan-sentra-s-tx-dallas-south

๐ โ 0676335413
      ๐ โ  0951568905"
"๐ฅะฅะพัะธัะต ะบัะฟะธัั ััะพ ััะฐะฝัะฟะพััะฝะพะต ััะตะดััะฒะพ ัะตะนัะฐั ะทะฐ $3 750,00 USD ะฑะตะท ะฐัะบัะธะพะฝะฐ? https://www.copart.com/lot/58555473/salvage-2018-mitsubishi-outlander-es-ks-wichita

๐ โ 0676335413
      ๐ โ  0951568905"
"๐ฅะฅะพัะธัะต ะบัะฟะธัั ััะพ ััะฐะฝัะฟะพััะฝะพะต ััะตะดััะฒะพ ัะตะนัะฐั ะทะฐ $3 200,00 USD ะฑะตะท ะฐัะบัะธะพะฝะฐ? https://www.copart.com/lot/80725233/salvage-2016-mazda-6-touring-nm-albuquerque

๐ โ 0676335413
      ๐ โ  0951568905"
"๐ฅะฅะพัะธัะต ะบัะฟะธัั ััะพ ััะฐะฝัะฟะพััะฝะพะต ััะตะดััะฒะพ ัะตะนัะฐั ะทะฐ $3 800,00 USD ะฑะตะท ะฐัะบัะธะพะฝะฐ? https://www.copart.com/lot/70467363/salvage-2017-nissan-maxima-3-5s-nm-albuquerque

๐ โ 0676335413
      ๐ โ  0951568905"
"๐ฅะฅะพัะธัะต ะบัะฟะธัั ััะพ ััะฐะฝัะฟะพััะฝะพะต ััะตะดััะฒะพ ัะตะนัะฐั ะทะฐ $2 800,00 USD ะฑะตะท ะฐัะบัะธะพะฝะฐ? https://www.copart.com/lot/75683163/salvage-2018-ford-ecosport-se-il-peoria

๐ โ 0676335413
      ๐ โ  0951568905"
"๐ฅะฅะพัะธัะต ะบัะฟะธัั ััะพ ััะฐะฝัะฟะพััะฝะพะต ััะตะดััะฒะพ ัะตะนัะฐั ะทะฐ $4 000,00 USD ะฑะตะท ะฐัะบัะธะพะฝะฐ? https://www.copart.com/lot/78315653/salvage-2018-hyundai-sonata-se-sc-spartanburg

๐ โ 0676335413
      ๐ โ  0951568905"
"๐ฅะฅะพัะธัะต ะบัะฟะธัั ััะพ ััะฐะฝัะฟะพััะฝะพะต ััะตะดััะฒะพ ัะตะนัะฐั ะทะฐ $3 500,00 USD ะฑะตะท ะฐัะบัะธะพะฝะฐ? https://www.copart.com/lot/81194513/salvage-2017-honda-fit-ex-wa-north-seattle

๐ โ 0676335413
      ๐ โ  0951568905"
"๐ฅะฅะพัะธัะต ะบัะฟะธัั ััะพ ััะฐะฝัะฟะพััะฝะพะต ััะตะดััะฒะพ ัะตะนัะฐั ะทะฐ $6 300,00 USD ะฑะตะท ะฐัะบัะธะพะฝะฐ? https://www.copart.com/lot/82086153/salvage-2018-ford-explorer-xlt-tx-lufkin

๐ โ 0676335413
      ๐ โ  0951568905"
"๐ฅะฅะพัะธัะต ะบัะฟะธัั ััะพ ััะฐะฝัะฟะพััะฝะพะต ััะตะดััะฒะพ ัะตะนัะฐั ะทะฐ $6 700,00 USD ะฑะตะท ะฐัะบัะธะพะฝะฐ? https://www.copart.com/lot/76812203/salvage-2019-honda-passport-exl-tx-dallas-south

๐ โ 0676335413
      ๐ โ  0951568905"
"๐ฅะฅะพัะธัะต ะบัะฟะธัั ััะพ ััะฐะฝัะฟะพััะฝะพะต ััะตะดััะฒะพ ัะตะนัะฐั ะทะฐ $2 999,00 USD ะฑะตะท ะฐัะบัะธะพะฝะฐ? https://www.copart.com/lot/79950433/salvage-2017-infiniti-q50-base-mn-st-cloud

๐ โ 0676335413
      ๐ โ  0951568905"
"๐ฅะฅะพัะธัะต ะบัะฟะธัั ััะพ ััะฐะฝัะฟะพััะฝะพะต ััะตะดััะฒะพ ัะตะนัะฐั ะทะฐ $11 550,00 USD ะฑะตะท ะฐัะบัะธะพะฝะฐ? https://www.copart.com/lot/81578013/salvage-2019-bmw-x3-sdrive30i-tx-lufkin

๐ โ 0676335413
      ๐ โ  0951568905"
"๐ฅะฅะพัะธัะต ะบัะฟะธัั ััะพ ััะฐะฝัะฟะพััะฝะพะต ััะตะดััะฒะพ ัะตะนัะฐั ะทะฐ $2 700,00 USD ะฑะตะท ะฐัะบัะธะพะฝะฐ? https://www.copart.com/lot/37537664/salvage-2017-hyundai-elantra-se-ny-albany

๐ โ 0676335413
      ๐ โ  0951568905"
"๐ฅะฅะพัะธัะต ะบัะฟะธัั ััะพ ััะฐะฝัะฟะพััะฝะพะต ััะตะดััะฒะพ ัะตะนัะฐั ะทะฐ $1 900,00 USD ะฑะตะท ะฐัะบัะธะพะฝะฐ? https://www.copart.com/lot/79115043/salvage-2018-mitsubishi-mirage-es-ny-albany

๐ โ 0676335413
      ๐ โ  0951568905"
"๐ฅะฅะพัะธัะต ะบัะฟะธัั ััะพ ััะฐะฝัะฟะพััะฝะพะต ััะตะดััะฒะพ ัะตะนัะฐั ะทะฐ $4 850,00 USD ะฑะตะท ะฐัะบัะธะพะฝะฐ? https://www.copart.com/lot/82272933/salvage-2018-subaru-forester-2-5i-premium-ny-albany

๐ โ 0676335413
      ๐ โ  0951568905"
"๐ฅะฅะพัะธัะต ะบัะฟะธัั ััะพ ััะฐะฝัะฟะพััะฝะพะต ััะตะดััะฒะพ ัะตะนัะฐั ะทะฐ $7 500,00 USD ะฑะตะท ะฐัะบัะธะพะฝะฐ? https://www.copart.com/lot/80104173/salvage-2020-toyota-prius-prime-le-ny-albany

๐ โ 0676335413
      ๐ โ  0951568905"
"๐ฅะฅะพัะธัะต ะบัะฟะธัั ััะพ ััะฐะฝัะฟะพััะฝะพะต ััะตะดััะฒะพ ัะตะนัะฐั ะทะฐ $2 800,00 USD ะฑะตะท ะฐัะบัะธะพะฝะฐ? https://www.copart.com/lot/80280523/salvage-2019-honda-fit-exl-ny-long-island

๐ โ 0676335413
      ๐ โ  0951568905"
"๐ฅะฅะพัะธัะต ะบัะฟะธัั ััะพ ััะฐะฝัะฟะพััะฝะพะต ััะตะดััะฒะพ ัะตะนัะฐั ะทะฐ $5 000,00 USD ะฑะตะท ะฐัะบัะธะพะฝะฐ? https://www.copart.com/lot/62178173/salvage-2018-jeep-renegade-latitude-ny-buffalo

๐ โ 0676335413
      ๐ โ  0951568905"
"๐ฅะฅะพัะธัะต ะบัะฟะธัั ััะพ ััะฐะฝัะฟะพััะฝะพะต ััะตะดััะฒะพ ัะตะนัะฐั ะทะฐ $4 800,00 USD ะฑะตะท ะฐัะบัะธะพะฝะฐ? https://www.copart.com/lot/64551223/salvage-2016-audi-q5-premium-plus-oh-akron

๐ โ 0676335413
      ๐ โ  0951568905"
"๐ฅะฅะพัะธัะต ะบัะฟะธัั ััะพ ััะฐะฝัะฟะพััะฝะพะต ััะตะดััะฒะพ ัะตะนัะฐั ะทะฐ $16 000,00 USD ะฑะตะท ะฐัะบัะธะพะฝะฐ? https://www.copart.com/lot/79361773/salvage-2018-bmw-530-xi-ny-long-island

๐ โ 0676335413
      ๐ โ  0951568905"
""
"๐ฅะฅะพัะธัะต ะบัะฟะธัั ััะพ ััะฐะฝัะฟะพััะฝะพะต ััะตะดััะฒะพ ัะตะนัะฐั ะทะฐ $3 950,00 USD ะฑะตะท ะฐัะบัะธะพะฝะฐ? https://www.copart.com/lot/76492293/salvage-2019-hyundai-sonata-se-md-baltimore

๐ โ 0676335413
      ๐ โ  0951568905"
"๐ฅะฅะพัะธัะต ะบัะฟะธัั ััะพ ััะฐะฝัะฟะพััะฝะพะต ััะตะดััะฒะพ ัะตะนัะฐั ะทะฐ $8 500,00 USD ะฑะตะท ะฐัะบัะธะพะฝะฐ? https://www.copart.com/lot/69143013/salvage-2019-acura-tlx-technology-md-baltimore

๐ โ 0676335413
      ๐ โ  0951568905"
"๐ฅะฅะพัะธัะต ะบัะฟะธัั ััะพ ััะฐะฝัะฟะพััะฝะพะต ััะตะดััะฒะพ ัะตะนัะฐั ะทะฐ $20 900,00 USD ะฑะตะท ะฐัะบัะธะพะฝะฐ? https://www.copart.com/lot/78834593/salvage-2022-lexus-rx-350-l-pa-york-haven

๐ โ 0676335413
      ๐ โ  0951568905"
"๐ฅะฅะพัะธัะต ะบัะฟะธัั ััะพ ััะฐะฝัะฟะพััะฝะพะต ััะตะดััะฒะพ ัะตะนัะฐั ะทะฐ $16 000,00 USD ะฑะตะท ะฐัะบัะธะพะฝะฐ? https://www.copart.com/lot/73771383/salvage-2021-toyota-sienna-xle-ny-long-island

๐ โ 0676335413
      ๐ โ  0951568905"
"๐ฅะฅะพัะธัะต ะบัะฟะธัั ััะพ ััะฐะฝัะฟะพััะฝะพะต ััะตะดััะฒะพ ัะตะนัะฐั ะทะฐ $7 900,00 USD ะฑะตะท ะฐัะบัะธะพะฝะฐ? https://www.copart.com/lot/76132483/salvage-2021-volkswagen-tiguan-se-sc-spartanburg

๐ โ 0676335413
      ๐ โ  0951568905"
"๐ฅะฅะพัะธัะต ะบัะฟะธัั ััะพ ััะฐะฝัะฟะพััะฝะพะต ััะตะดััะฒะพ ัะตะนัะฐั ะทะฐ $3 900,00 USD ะฑะตะท ะฐัะบัะธะพะฝะฐ? https://www.copart.com/lot/69920383/salvage-2019-volkswagen-tiguan-se-sc-spartanburg

๐ โ 0676335413
      ๐ โ  0951568905"
"๐ฅะฅะพัะธัะต ะบัะฟะธัั ััะพ ััะฐะฝัะฟะพััะฝะพะต ััะตะดััะฒะพ ัะตะนัะฐั ะทะฐ $5 400,00 USD ะฑะตะท ะฐัะบัะธะพะฝะฐ? https://www.copart.com/lot/76941373/salvage-2022-toyota-gr-86-sc-spartanburg

๐ โ 0676335413
      ๐ โ  0951568905"
"๐ฅะฅะพัะธัะต ะบัะฟะธัั ััะพ ััะฐะฝัะฟะพััะฝะพะต ััะตะดััะฒะพ ัะตะนัะฐั ะทะฐ $7 900,00 USD ะฑะตะท ะฐัะบัะธะพะฝะฐ? https://www.copart.com/lot/80306043/salvage-2020-subaru-outback-premium-sc-spartanburg

๐ โ 0676335413
      ๐ โ  0951568905"
"๐ฅะฅะพัะธัะต ะบัะฟะธัั ััะพ ััะฐะฝัะฟะพััะฝะพะต ััะตะดััะฒะพ ัะตะนัะฐั ะทะฐ $3 900,00 USD ะฑะตะท ะฐัะบัะธะพะฝะฐ? https://www.copart.com/lot/78122293/salvage-2017-volvo-xc60-t5-inscription-sc-north-charleston

๐ โ 0676335413
      ๐ โ  0951568905"
"๐ฅะฅะพัะธัะต ะบัะฟะธัั ััะพ ััะฐะฝัะฟะพััะฝะพะต ััะตะดััะฒะพ ัะตะนัะฐั ะทะฐ $7 000,00 USD ะฑะตะท ะฐัะบัะธะพะฝะฐ? https://www.copart.com/lot/77240183/salvage-2020-mercedes-benz-a-220-sc-north-charleston

๐ โ 0676335413
      ๐ โ  0951568905"
"๐ฅะฅะพัะธัะต ะบัะฟะธัั ััะพ ััะฐะฝัะฟะพััะฝะพะต ััะตะดััะฒะพ ัะตะนัะฐั ะทะฐ $7 800,00 USD ะฑะตะท ะฐัะบัะธะพะฝะฐ? https://www.copart.com/lot/73968463/salvage-2022-nissan-sentra-sv-sc-spartanburg

๐ โ 0676335413
      ๐ โ  0951568905"
"๐ฅะฅะพัะธัะต ะบัะฟะธัั ััะพ ััะฐะฝัะฟะพััะฝะพะต ััะตะดััะฒะพ ัะตะนัะฐั ะทะฐ $4 000,00 USD ะฑะตะท ะฐัะบัะธะพะฝะฐ? https://www.copart.com/lot/37304744/salvage-2017-volkswagen-tiguan-s-ny-buffalo

๐ โ 0676335413
      ๐ โ  0951568905"
"๐ฅะฅะพัะธัะต ะบัะฟะธัั ััะพ ััะฐะฝัะฟะพััะฝะพะต ััะตะดััะฒะพ ัะตะนัะฐั ะทะฐ $3 400,00 USD ะฑะตะท ะฐัะบัะธะพะฝะฐ? https://www.copart.com/lot/68533833/salvage-2020-chevrolet-trax-1lt-ky-lexington-east

๐ โ 0676335413
      ๐ โ  0951568905"
"๐ฅะฅะพัะธัะต ะบัะฟะธัั ััะพ ััะฐะฝัะฟะพััะฝะพะต ััะตะดััะฒะพ ัะตะนัะฐั ะทะฐ $7 300,00 USD ะฑะตะท ะฐัะบัะธะพะฝะฐ? https://www.copart.com/lot/79861233/salvage-2019-land-rover-discovery-sport-se-tx-dallas-south

๐ โ 0676335413
      ๐ โ  0951568905"
"๐ฅะฅะพัะธัะต ะบัะฟะธัั ััะพ ััะฐะฝัะฟะพััะฝะพะต ััะตะดััะฒะพ ัะตะนัะฐั ะทะฐ $11 400,00 USD ะฑะตะท ะฐัะบัะธะพะฝะฐ? https://www.copart.com/lot/71259993/salvage-2020-jeep-wrangler-unlimited-sport-ky-louisville

๐ โ 0676335413
      ๐ โ  0951568905"
"๐ฅะฅะพัะธัะต ะบัะฟะธัั ััะพ ััะฐะฝัะฟะพััะฝะพะต ััะตะดััะฒะพ ัะตะนัะฐั ะทะฐ $4 700,00 USD ะฑะตะท ะฐัะบัะธะพะฝะฐ? https://www.copart.com/lot/79623863/salvage-2018-hyundai-elantra-sel-nc-china-grove

๐ โ 0676335413
      ๐ โ  0951568905"
"๐ฅะฅะพัะธัะต ะบัะฟะธัั ััะพ ััะฐะฝัะฟะพััะฝะพะต ััะตะดััะฒะพ ัะตะนัะฐั ะทะฐ $7 900,00 USD ะฑะตะท ะฐัะบัะธะพะฝะฐ? https://www.copart.com/lot/76561013/salvage-2020-dodge-charger-sxt-nc-china-grove

๐ โ 0676335413
      ๐ โ  0951568905"
"๐ฅะฅะพัะธัะต ะบัะฟะธัั ััะพ ััะฐะฝัะฟะพััะฝะพะต ััะตะดััะฒะพ ัะตะนัะฐั ะทะฐ $14 275,00 USD ะฑะตะท ะฐัะบัะธะพะฝะฐ? https://www.copart.com/lot/46719443/clean-title-2019-audi-q5-premium-plus-ar-little-rock

๐ โ 0676335413
      ๐ โ  0951568905"
"๐ฅะฅะพัะธัะต ะบัะฟะธัั ััะพ ััะฐะฝัะฟะพััะฝะพะต ััะตะดััะฒะพ ัะตะนัะฐั ะทะฐ $5 950,00 USD ะฑะตะท ะฐัะบัะธะพะฝะฐ? https://www.copart.com/lot/79896483/salvage-2020-hyundai-elantra-se-wi-milwaukee-south

๐ โ 0676335413
      ๐ โ  0951568905"
"๐ฅะฅะพัะธัะต ะบัะฟะธัั ััะพ ััะฐะฝัะฟะพััะฝะพะต ััะตะดััะฒะพ ัะตะนัะฐั ะทะฐ $22 300,00 USD ะฑะตะท ะฐัะบัะธะพะฝะฐ? https://www.copart.com/lot/80236143/salvage-2021-gmc-sierra-k1500-slt-il-wheeling

๐ โ 0676335413
      ๐ โ  0951568905"
""
"https://www.iaai.com/VehicleDetail/37019235~US

๐ โ 0676335413
      ๐ โ  0951568905"
"https://www.iaai.com/VehicleDetail/37681596~US

๐ โ 0676335413
      ๐ โ  0951568905"
"https://www.iaai.com/VehicleDetail/37689109~US

๐ โ 0676335413
      ๐ โ  0951568905"
"https://www.iaai.com/VehicleDetail/37882938~US

๐ โ 0676335413
      ๐ โ  0951568905"
"https://www.iaai.com/VehicleDetail/38246606~US

๐ โ 0676335413
      ๐ โ  0951568905"
"https://www.iaai.com/VehicleDetail/38261150~US

๐ โ 0676335413
      ๐ โ  0951568905"
"https://www.iaai.com/VehicleDetail/38295388~US

๐ โ 0676335413
      ๐ โ  0951568905"
"https://www.iaai.com/VehicleDetail/38348845~US

๐ โ 0676335413
      ๐ โ  0951568905"
"https://www.iaai.com/VehicleDetail/38380963~US

๐ โ 0676335413
      ๐ โ  0951568905"
"https://www.iaai.com/VehicleDetail/38398176~US

๐ โ 0676335413
      ๐ โ  0951568905"
"https://www.iaai.com/VehicleDetail/38446156~US

๐ โ 0676335413
      ๐ โ  0951568905"
"https://www.iaai.com/VehicleDetail/38511427~US

๐ โ 0676335413
      ๐ โ  0951568905"
"https://www.iaai.com/VehicleDetail/38528530~US

๐ โ 0676335413
      ๐ โ  0951568905"
"https://www.iaai.com/VehicleDetail/38583589~US

๐ โ 0676335413
      ๐ โ  0951568905"
"https://www.iaai.com/VehicleDetail/38595084~US

๐ โ 0676335413
      ๐ โ  0951568905"
"https://www.iaai.com/VehicleDetail/38597524~US

๐ โ 0676335413
      ๐ โ  0951568905"
"https://www.iaai.com/VehicleDetail/38645894~US

๐ โ 0676335413
      ๐ โ  0951568905"
"https://www.iaai.com/VehicleDetail/38658740~US

๐ โ 0676335413
      ๐ โ  0951568905"
"https://www.iaai.com/VehicleDetail/38690372~US

๐ โ 0676335413
      ๐ โ  0951568905"
"https://www.iaai.com/VehicleDetail/38711641~US

๐ โ 0676335413
      ๐ โ  0951568905"
""
"https://www.iaai.com/VehicleDetail/38723919~US

๐ โ 0676335413
      ๐ โ  0951568905"
"https://www.iaai.com/VehicleDetail/38725324~US

๐ โ 0676335413
      ๐ โ  0951568905"
"https://www.iaai.com/VehicleDetail/38732108~US

๐ โ 0676335413
      ๐ โ  0951568905"
"https://www.iaai.com/VehicleDetail/38736958~US

๐ โ 0676335413
      ๐ โ  0951568905"
"https://www.iaai.com/VehicleDetail/38737473~US

๐ โ 0676335413
      ๐ โ  0951568905"
"https://www.iaai.com/VehicleDetail/38753015~US

๐ โ 0676335413
      ๐ โ  0951568905"
"https://www.iaai.com/VehicleDetail/38764539~US

๐ โ 0676335413
      ๐ โ  0951568905"
"https://www.iaai.com/VehicleDetail/38770957~US

๐ โ 0676335413
      ๐ โ  0951568905"
"https://www.iaai.com/VehicleDetail/38792595~US

๐ โ 0676335413
      ๐ โ  0951568905"
"https://www.iaai.com/VehicleDetail/38804532~US

๐ โ 0676335413
      ๐ โ  0951568905"
"https://www.iaai.com/VehicleDetail/38804671~US

๐ โ 0676335413
      ๐ โ  0951568905"
"https://www.iaai.com/VehicleDetail/38804834~US

๐ โ 0676335413
      ๐ โ  0951568905"
"https://www.iaai.com/VehicleDetail/38811338~US

๐ โ 0676335413
      ๐ โ  0951568905"
"https://www.iaai.com/VehicleDetail/38812524~US

๐ โ 0676335413
      ๐ โ  0951568905"
"https://www.iaai.com/VehicleDetail/38893014~US

๐ โ 0676335413
      ๐ โ  0951568905"
"https://www.iaai.com/VehicleDetail/38906330~US

๐ โ 0676335413
      ๐ โ  0951568905"
